inventory_id,product_id,location,quantity_available,reorder_point,last_updated
1,1001,tallinn,66,17,2025-02-03 00:00:00
2,1001,tartu,99,16,2025-02-13 00:00:00
3,1001,pärnu,10,11,2025-01-19 00:00:00
4,1001,ladu,86,26,2025-01-31 00:00:00
5,1002,tallinn,125,48,2025-01-24 00:00:00
6,1002,tartu,83,24,2025-02-21 00:00:00
7,1002,pärnu,31,34,2025-01-08 00:00:00
8,1002,ladu,9739,45,2024-07-10 00:00:00
9,1003,tallinn,82,22,2025-01-29 00:00:00
10,1003,tartu,41,45,2025-02-25 00:00:00
11,1003,pärnu,6,22,2025-02-07 00:00:00
12,1003,ladu,420,42,2025-02-10 00:00:00
13,1004,tallinn,52,47,2025-01-27 00:00:00
14,1004,tartu,17,25,2025-01-20 00:00:00
15,1004,pärnu,-24,42,2025-02-20 00:00:00
16,1004,ladu,271,34,2025-02-19 00:00:00
17,1005,tallinn,44,34,2025-01-29 00:00:00
18,1005,tartu,116,27,2024-09-26 00:00:00
19,1005,pärnu,96,50,2025-01-18 00:00:00
20,1005,ladu,7029,16,2025-01-22 00:00:00
21,1006,tallinn,77,10,2025-02-10 00:00:00
22,1006,tartu,54,31,2025-02-26 00:00:00
23,1006,pärnu,52,14,2025-01-20 00:00:00
24,1006,ladu,47,41,2025-02-02 00:00:00
25,1007,tallinn,111,44,2025-01-03 00:00:00
26,1007,tartu,135,30,2025-02-25 00:00:00
27,1007,pärnu,102,32,2025-01-05 00:00:00
28,1007,ladu,243,16,2025-01-09 00:00:00
29,1008,tallinn,20,23,2025-01-29 00:00:00
30,1008,tartu,114,47,2025-01-01 00:00:00
31,1008,pärnu,48,46,2025-02-16 00:00:00
32,1008,ladu,18,17,2024-04-18 00:00:00
33,1009,tallinn,127,49,2025-02-01 00:00:00
34,1009,tartu,95,24,2025-01-17 00:00:00
35,1009,pärnu,51,13,2025-01-19 00:00:00
36,1009,ladu,291,44,2025-02-26 00:00:00
37,1010,tallinn,52,43,2025-01-06 00:00:00
38,1010,tartu,30,33,2025-02-11 00:00:00
39,1010,pärnu,130,21,2024-06-01 00:00:00
40,1010,ladu,328,42,2024-07-08 00:00:00
41,1011,tallinn,131,24,2025-02-06 00:00:00
42,1011,tartu,87,14,2025-01-04 00:00:00
43,1011,pärnu,139,11,2025-02-27 00:00:00
44,1011,ladu,268,46,2025-01-27 00:00:00
45,1012,tallinn,19,11,2024-06-25 00:00:00
46,1012,tartu,79,36,2025-01-01 00:00:00
47,1012,pärnu,22,50,2025-02-16 00:00:00
48,1012,ladu,422,50,2025-01-30 00:00:00
49,1013,tallinn,119,25,2025-02-06 00:00:00
50,1013,tartu,36,27,2025-01-07 00:00:00
51,1013,pärnu,75,27,2025-02-01 00:00:00
52,1013,ladu,483,24,2025-01-20 00:00:00
53,1014,tallinn,14,20,2025-01-06 00:00:00
54,1014,tartu,75,19,2025-01-11 00:00:00
55,1014,pärnu,46,10,2025-02-14 00:00:00
56,1014,ladu,282,24,2024-10-31 00:00:00
57,1015,tallinn,82,15,2025-02-14 00:00:00
58,1015,tartu,82,15,2024-10-25 00:00:00
59,1015,pärnu,-22,43,2025-02-07 00:00:00
60,1015,ladu,288,41,2025-01-29 00:00:00
61,1016,tallinn,6,30,2025-01-23 00:00:00
62,1016,tartu,142,23,2025-02-06 00:00:00
63,1016,pärnu,103,33,2025-01-12 00:00:00
64,1016,ladu,349,46,2025-02-14 00:00:00
65,1017,tallinn,68,12,2025-01-26 00:00:00
66,1017,tartu,49,15,2025-02-24 00:00:00
67,1017,pärnu,71,20,2025-01-27 00:00:00
68,1017,ladu,343,37,2025-02-27 00:00:00
69,1018,tallinn,78,47,2024-11-05 00:00:00
70,1018,tartu,106,34,2024-09-20 00:00:00
71,1018,pärnu,0,36,2025-01-21 00:00:00
72,1018,ladu,316,14,2025-02-11 00:00:00
73,1019,tallinn,4956,33,2025-02-21 00:00:00
74,1019,tartu,2,39,2025-02-23 00:00:00
75,1019,pärnu,7372,31,2025-01-24 00:00:00
76,1019,ladu,224,15,2025-01-08 00:00:00
77,1020,tallinn,78,49,2025-01-18 00:00:00
78,1020,tartu,88,21,2025-01-28 00:00:00
79,1020,pärnu,0,42,2025-02-23 00:00:00
80,1020,ladu,362,24,2025-02-04 00:00:00
81,1021,tallinn,70,22,2025-01-19 00:00:00
82,1021,tartu,11,15,2025-01-18 00:00:00
83,1021,pärnu,89,15,2025-01-20 00:00:00
84,1021,ladu,9,27,2025-02-21 00:00:00
85,1022,tallinn,56,26,2025-02-15 00:00:00
86,1022,tartu,145,39,2025-02-05 00:00:00
87,1022,pärnu,96,34,2024-04-20 00:00:00
88,1022,ladu,461,34,2025-01-11 00:00:00
89,1023,tallinn,86,37,2025-02-22 00:00:00
90,1023,tartu,129,30,2025-01-03 00:00:00
91,1023,pärnu,110,15,2025-02-10 00:00:00
92,1023,ladu,79,49,2025-01-23 00:00:00
93,1024,tallinn,2347,50,2025-02-08 00:00:00
94,1024,tartu,3,32,2025-02-22 00:00:00
95,1024,pärnu,80,48,2025-02-19 00:00:00
96,1024,ladu,402,13,2025-01-16 00:00:00
97,1025,tallinn,1,34,2025-01-24 00:00:00
98,1025,tartu,95,18,2025-02-10 00:00:00
99,1025,pärnu,133,15,2025-01-06 00:00:00
100,1025,ladu,284,41,2025-02-05 00:00:00
101,1026,tallinn,41,48,2025-01-06 00:00:00
102,1026,tartu,81,38,2025-02-18 00:00:00
103,1026,pärnu,140,36,2025-01-17 00:00:00
104,1026,ladu,398,27,2024-07-10 00:00:00
105,1027,tallinn,78,38,2025-01-25 00:00:00
106,1027,tartu,38,11,2024-08-04 00:00:00
107,1027,pärnu,26,20,2025-01-24 00:00:00
108,1027,ladu,146,24,2025-02-18 00:00:00
109,1028,tallinn,134,32,2024-05-16 00:00:00
110,1028,tartu,75,27,2024-08-26 00:00:00
111,1028,pärnu,116,31,2025-02-04 00:00:00
112,1028,ladu,11,30,2025-01-21 00:00:00
113,1029,tallinn,59,14,2025-01-22 00:00:00
114,1029,tartu,31,38,2025-01-12 00:00:00
115,1029,pärnu,78,11,2025-02-14 00:00:00
116,1029,ladu,14,17,2024-10-27 00:00:00
117,1030,tallinn,90,12,2025-01-04 00:00:00
118,1030,tartu,24,39,2025-02-06 00:00:00
119,1030,pärnu,112,44,2025-02-16 00:00:00
120,1030,ladu,111,26,2025-01-05 00:00:00
121,1031,tallinn,17,37,2024-04-26 00:00:00
122,1031,tartu,130,28,2025-02-20 00:00:00
123,1031,pärnu,66,47,2025-01-30 00:00:00
124,1031,ladu,323,16,2025-02-06 00:00:00
125,1032,tallinn,149,50,2024-05-08 00:00:00
126,1032,tartu,35,27,2025-01-15 00:00:00
127,1032,pärnu,100,14,2025-02-24 00:00:00
128,1032,ladu,435,35,2025-02-01 00:00:00
129,1033,tallinn,100,43,2025-02-22 00:00:00
130,1033,tartu,84,11,2025-01-01 00:00:00
131,1033,pärnu,112,35,2025-01-13 00:00:00
132,1033,ladu,384,38,2025-02-04 00:00:00
133,1034,tallinn,130,42,2025-02-04 00:00:00
134,1034,tartu,123,16,2025-02-06 00:00:00
135,1034,pärnu,146,40,2025-02-03 00:00:00
136,1034,ladu,200,14,2025-01-15 00:00:00
137,1035,tallinn,65,28,2025-01-12 00:00:00
138,1035,tartu,66,33,2025-01-26 00:00:00
139,1035,pärnu,100,20,2024-07-08 00:00:00
140,1035,ladu,57,28,2025-01-01 00:00:00
141,1036,tallinn,124,29,2025-02-10 00:00:00
142,1036,tartu,87,20,2025-02-22 00:00:00
143,1036,pärnu,12,18,2025-02-02 00:00:00
144,1036,ladu,181,25,2025-02-04 00:00:00
145,1037,tallinn,82,50,2025-01-13 00:00:00
146,1037,tartu,81,16,2025-02-15 00:00:00
147,1037,pärnu,141,17,2025-01-16 00:00:00
148,1037,ladu,450,14,2024-09-19 00:00:00
149,1038,tallinn,3934,50,2025-01-21 00:00:00
150,1038,tartu,122,42,2024-11-29 00:00:00
151,1038,pärnu,105,40,2025-02-16 00:00:00
152,1038,ladu,100,12,2025-01-04 00:00:00
153,1039,tallinn,135,36,2025-02-21 00:00:00
154,1039,tartu,88,27,2024-06-22 00:00:00
155,1039,pärnu,124,21,2025-02-22 00:00:00
156,1039,ladu,184,38,2025-01-08 00:00:00
157,1040,tallinn,11,50,2024-07-09 00:00:00
158,1040,tartu,37,15,2025-02-24 00:00:00
159,1040,pärnu,4604,28,2025-01-29 00:00:00
160,1040,ladu,334,22,2024-11-19 00:00:00
161,1041,tallinn,39,14,2025-02-22 00:00:00
162,1041,tartu,110,37,2025-02-23 00:00:00
163,1041,pärnu,142,18,2025-02-01 00:00:00
164,1041,ladu,30,11,2024-05-10 00:00:00
165,1042,tallinn,39,40,2025-01-28 00:00:00
166,1042,tartu,123,22,2025-02-08 00:00:00
167,1042,pärnu,26,11,2025-02-18 00:00:00
168,1042,ladu,410,48,2025-01-31 00:00:00
169,1043,tallinn,3,34,2025-01-31 00:00:00
170,1043,tartu,-7,15,2024-07-29 00:00:00
171,1043,pärnu,79,44,2025-01-26 00:00:00
172,1043,ladu,461,46,2025-01-15 00:00:00
173,1044,tallinn,106,19,2025-02-14 00:00:00
174,1044,tartu,111,26,2025-02-28 00:00:00
175,1044,pärnu,31,13,2025-02-16 00:00:00
176,1044,ladu,64,20,2025-02-17 00:00:00
177,1045,tallinn,106,29,2025-02-15 00:00:00
178,1045,tartu,135,34,2025-02-20 00:00:00
179,1045,pärnu,52,18,2025-02-11 00:00:00
180,1045,ladu,44,34,2025-02-09 00:00:00
181,1046,tallinn,3795,21,2024-06-21 00:00:00
182,1046,tartu,70,18,2024-10-31 00:00:00
183,1046,pärnu,62,20,2025-01-17 00:00:00
184,1046,ladu,358,42,2025-01-14 00:00:00
185,1047,tallinn,58,11,2025-01-27 00:00:00
186,1047,tartu,37,26,2025-02-14 00:00:00
187,1047,pärnu,121,41,2025-02-19 00:00:00
188,1047,ladu,119,28,2025-01-17 00:00:00
189,1048,tallinn,128,19,2025-01-19 00:00:00
190,1048,tartu,112,36,2025-01-11 00:00:00
191,1048,pärnu,32,46,2024-07-18 00:00:00
192,1048,ladu,415,44,2025-01-20 00:00:00
193,1049,tallinn,83,23,2025-01-21 00:00:00
194,1049,tartu,15,21,2025-01-24 00:00:00
195,1049,pärnu,89,49,2024-09-17 00:00:00
196,1049,ladu,386,15,2025-02-18 00:00:00
197,1050,tallinn,26,36,2025-02-05 00:00:00
198,1050,tartu,20,41,2025-02-23 00:00:00
199,1050,pärnu,78,28,2025-01-07 00:00:00
200,1050,ladu,378,32,2025-01-12 00:00:00
201,1051,tallinn,0,14,2025-02-13 00:00:00
202,1051,tartu,79,31,2025-01-10 00:00:00
203,1051,pärnu,109,18,2025-01-05 00:00:00
204,1051,ladu,217,21,2025-01-03 00:00:00
205,1052,tallinn,11,29,2025-01-24 00:00:00
206,1052,tartu,43,15,2025-02-15 00:00:00
207,1052,pärnu,73,30,2025-01-30 00:00:00
208,1052,ladu,422,41,2025-01-13 00:00:00
209,1053,tallinn,39,13,2025-02-13 00:00:00
210,1053,tartu,3,46,2025-02-11 00:00:00
211,1053,pärnu,146,31,2025-02-24 00:00:00
212,1053,ladu,184,34,2025-02-26 00:00:00
213,1054,tallinn,5,11,2025-02-10 00:00:00
214,1054,tartu,55,35,2025-02-01 00:00:00
215,1054,pärnu,135,21,2025-01-13 00:00:00
216,1054,ladu,472,18,2025-02-06 00:00:00
217,1055,tallinn,21,21,2024-04-10 00:00:00
218,1055,tartu,73,44,2025-01-24 00:00:00
219,1055,pärnu,144,48,2025-01-29 00:00:00
220,1055,ladu,154,38,2024-05-18 00:00:00
221,1056,tallinn,120,50,2025-02-25 00:00:00
222,1056,tartu,140,14,2025-01-10 00:00:00
223,1056,pärnu,112,38,2025-02-13 00:00:00
224,1056,ladu,153,16,2025-02-02 00:00:00
225,1057,tallinn,42,28,2025-02-24 00:00:00
226,1057,tartu,137,10,2025-02-15 00:00:00
227,1057,pärnu,99,42,2025-01-25 00:00:00
228,1057,ladu,272,26,2025-01-30 00:00:00
229,1058,tallinn,62,24,2025-01-03 00:00:00
230,1058,tartu,9479,17,2025-02-23 00:00:00
231,1058,pärnu,80,35,2025-01-17 00:00:00
232,1058,ladu,350,33,2025-01-11 00:00:00
233,1059,tallinn,101,35,2025-02-18 00:00:00
234,1059,tartu,119,25,2025-02-28 00:00:00
235,1059,pärnu,135,49,2025-01-17 00:00:00
236,1059,ladu,280,37,2024-08-13 00:00:00
237,1060,tallinn,92,48,2025-02-11 00:00:00
238,1060,tartu,135,37,2025-01-25 00:00:00
239,1060,pärnu,75,41,2025-01-11 00:00:00
240,1060,ladu,41,42,2025-02-17 00:00:00
241,1061,tallinn,80,27,2025-01-09 00:00:00
242,1061,tartu,57,31,2025-01-24 00:00:00
243,1061,pärnu,77,45,2025-01-10 00:00:00
244,1061,ladu,339,43,2025-02-10 00:00:00
245,1062,tallinn,76,27,2025-01-28 00:00:00
246,1062,tartu,14,31,2025-02-05 00:00:00
247,1062,pärnu,145,16,2025-02-02 00:00:00
248,1062,ladu,127,30,2025-01-25 00:00:00
249,1063,tallinn,119,41,2025-01-30 00:00:00
250,1063,tartu,107,37,2025-01-10 00:00:00
251,1063,pärnu,109,43,2025-01-01 00:00:00
252,1063,ladu,402,10,2025-02-18 00:00:00
253,1064,tallinn,16,41,2025-01-14 00:00:00
254,1064,tartu,150,23,2025-01-04 00:00:00
255,1064,pärnu,3,40,2025-02-08 00:00:00
256,1064,ladu,303,41,2025-01-21 00:00:00
257,1065,tallinn,96,22,2025-01-16 00:00:00
258,1065,tartu,145,41,2025-02-22 00:00:00
259,1065,pärnu,5,20,2025-01-03 00:00:00
260,1065,ladu,498,36,2025-01-26 00:00:00
261,1066,tallinn,116,19,2025-02-17 00:00:00
262,1066,tartu,23,13,2025-01-23 00:00:00
263,1066,pärnu,8,30,2025-01-30 00:00:00
264,1066,ladu,407,21,2025-01-29 00:00:00
265,1067,tallinn,36,49,2025-02-14 00:00:00
266,1067,tartu,77,45,2024-04-28 00:00:00
267,1067,pärnu,89,28,2025-01-12 00:00:00
268,1067,ladu,418,11,2025-01-24 00:00:00
269,1068,tallinn,136,35,2025-02-11 00:00:00
270,1068,tartu,44,12,2025-01-26 00:00:00
271,1068,pärnu,104,40,2024-09-18 00:00:00
272,1068,ladu,299,17,2025-01-20 00:00:00
273,1069,tallinn,85,33,2025-02-25 00:00:00
274,1069,tartu,116,39,2025-01-11 00:00:00
275,1069,pärnu,33,24,2025-02-05 00:00:00
276,1069,ladu,51,25,2024-04-01 00:00:00
277,1070,tallinn,24,12,2025-01-17 00:00:00
278,1070,tartu,136,21,2025-01-19 00:00:00
279,1070,pärnu,31,28,2025-01-23 00:00:00
280,1070,ladu,132,11,2025-01-25 00:00:00
281,1071,tallinn,115,21,2025-01-12 00:00:00
282,1071,tartu,99,33,2025-01-16 00:00:00
283,1071,pärnu,15,26,2025-02-27 00:00:00
284,1071,ladu,335,15,2024-03-11 00:00:00
285,1072,tallinn,37,21,2024-06-19 00:00:00
286,1072,tartu,49,27,2025-02-24 00:00:00
287,1072,pärnu,23,11,2025-01-26 00:00:00
288,1072,ladu,159,10,2025-02-20 00:00:00
289,1073,tallinn,110,46,2025-02-17 00:00:00
290,1073,tartu,105,24,2024-09-20 00:00:00
291,1073,pärnu,93,41,2024-05-08 00:00:00
292,1073,ladu,451,30,2024-06-02 00:00:00
293,1074,tallinn,41,33,2025-01-25 00:00:00
294,1074,tartu,77,49,2025-01-22 00:00:00
295,1074,pärnu,126,40,2025-01-17 00:00:00
296,1074,ladu,165,40,2025-01-24 00:00:00
297,1075,tallinn,83,39,2024-11-17 00:00:00
298,1075,tartu,15,33,2025-02-03 00:00:00
299,1075,pärnu,116,16,2025-02-14 00:00:00
300,1075,ladu,463,20,2025-01-11 00:00:00
301,1076,tallinn,138,29,2025-02-24 00:00:00
302,1076,tartu,145,21,2025-02-28 00:00:00
303,1076,pärnu,102,14,2025-02-09 00:00:00
304,1076,ladu,235,13,2025-02-04 00:00:00
305,1077,tallinn,5,10,2025-01-04 00:00:00
306,1077,tartu,145,34,2025-01-26 00:00:00
307,1077,pärnu,80,36,2025-01-13 00:00:00
308,1077,ladu,349,39,2025-02-17 00:00:00
309,1078,tallinn,48,20,2025-01-03 00:00:00
310,1078,tartu,57,22,2025-01-07 00:00:00
311,1078,pärnu,11,31,2025-01-11 00:00:00
312,1078,ladu,343,11,2025-02-02 00:00:00
313,1079,tallinn,105,30,2025-02-27 00:00:00
314,1079,tartu,139,37,2024-08-09 00:00:00
315,1079,pärnu,112,25,2025-01-15 00:00:00
316,1079,ladu,414,15,2024-11-19 00:00:00
317,1080,tallinn,22,32,2025-01-10 00:00:00
318,1080,tartu,12,29,2025-02-27 00:00:00
319,1080,pärnu,97,47,2024-11-10 00:00:00
320,1080,ladu,27,50,2025-02-19 00:00:00
321,1081,tallinn,113,12,2025-02-11 00:00:00
322,1081,tartu,8,39,2025-02-04 00:00:00
323,1081,pärnu,98,44,2025-01-30 00:00:00
324,1081,ladu,25,26,2025-01-26 00:00:00
325,1082,tallinn,23,48,2025-02-10 00:00:00
326,1082,tartu,100,39,2025-02-19 00:00:00
327,1082,pärnu,90,50,2024-04-02 00:00:00
328,1082,ladu,224,16,2025-01-17 00:00:00
329,1083,tallinn,134,29,2025-02-08 00:00:00
330,1083,tartu,66,31,2025-01-17 00:00:00
331,1083,pärnu,125,21,2024-03-12 00:00:00
332,1083,ladu,17,24,2025-02-24 00:00:00
333,1084,tallinn,54,18,2025-02-25 00:00:00
334,1084,tartu,140,45,2025-01-12 00:00:00
335,1084,pärnu,62,14,2025-02-24 00:00:00
336,1084,ladu,364,26,2025-02-03 00:00:00
337,1085,tallinn,46,44,2025-01-05 00:00:00
338,1085,tartu,2,33,2024-11-26 00:00:00
339,1085,pärnu,10,20,2025-01-11 00:00:00
340,1085,ladu,213,14,2024-05-02 00:00:00
341,1086,tallinn,124,34,2025-02-16 00:00:00
342,1086,tartu,74,33,2025-01-14 00:00:00
343,1086,pärnu,143,49,2024-06-17 00:00:00
344,1086,ladu,182,44,2025-01-26 00:00:00
345,1087,tallinn,81,13,2025-01-04 00:00:00
346,1087,tartu,46,26,2025-02-28 00:00:00
347,1087,pärnu,134,50,2025-01-22 00:00:00
348,1087,ladu,68,29,2025-02-12 00:00:00
349,1088,tallinn,79,49,2025-02-18 00:00:00
350,1088,tartu,26,30,2025-01-23 00:00:00
351,1088,pärnu,130,45,2025-02-16 00:00:00
352,1088,ladu,10,38,2025-01-16 00:00:00
353,1089,tallinn,53,22,2025-02-28 00:00:00
354,1089,tartu,66,12,2024-06-21 00:00:00
355,1089,pärnu,21,31,2025-02-08 00:00:00
356,1089,ladu,1959,18,2025-01-17 00:00:00
357,1090,tallinn,33,16,2025-02-15 00:00:00
358,1090,tartu,125,25,2025-01-26 00:00:00
359,1090,pärnu,23,50,2025-02-04 00:00:00
360,1090,ladu,299,42,2025-01-07 00:00:00
361,1091,tallinn,31,22,2025-02-05 00:00:00
362,1091,tartu,35,27,2025-01-18 00:00:00
363,1091,pärnu,-25,34,2025-02-24 00:00:00
364,1091,ladu,363,36,2025-01-25 00:00:00
365,1092,tallinn,119,36,2025-02-18 00:00:00
366,1092,tartu,4,45,2025-02-28 00:00:00
367,1092,pärnu,33,27,2025-01-16 00:00:00
368,1092,ladu,250,18,2025-01-24 00:00:00
369,1093,tallinn,89,32,2025-02-07 00:00:00
370,1093,tartu,82,47,2025-02-08 00:00:00
371,1093,pärnu,102,41,2025-02-06 00:00:00
372,1093,ladu,118,30,2025-02-27 00:00:00
373,1094,tallinn,56,26,2025-01-31 00:00:00
374,1094,tartu,144,14,2025-01-03 00:00:00
375,1094,pärnu,15,35,2024-08-19 00:00:00
376,1094,ladu,287,45,2025-01-02 00:00:00
377,1095,tallinn,138,39,2025-02-14 00:00:00
378,1095,tartu,142,17,2025-02-04 00:00:00
379,1095,pärnu,106,22,2025-01-10 00:00:00
380,1095,ladu,421,28,2025-02-16 00:00:00
381,1096,tallinn,95,31,2025-01-23 00:00:00
382,1096,tartu,51,43,2025-02-22 00:00:00
383,1096,pärnu,103,33,2025-02-10 00:00:00
384,1096,ladu,117,15,2024-11-11 00:00:00
385,1097,tallinn,83,23,2025-02-18 00:00:00
386,1097,tartu,141,18,2025-01-02 00:00:00
387,1097,pärnu,23,16,2025-01-26 00:00:00
388,1097,ladu,443,13,2025-02-08 00:00:00
389,1098,tallinn,87,39,2025-01-21 00:00:00
390,1098,tartu,141,42,2025-02-19 00:00:00
391,1098,pärnu,55,44,2025-02-26 00:00:00
392,1098,ladu,433,43,2025-02-26 00:00:00
393,1099,tallinn,68,48,2025-01-11 00:00:00
394,1099,tartu,112,26,2025-02-08 00:00:00
395,1099,pärnu,27,34,2024-09-03 00:00:00
396,1099,ladu,349,39,2025-01-18 00:00:00
397,1100,tallinn,41,37,2025-01-26 00:00:00
398,1100,tartu,26,35,2025-01-07 00:00:00
399,1100,pärnu,9850,50,2025-01-08 00:00:00
400,1100,ladu,19,32,2025-02-28 00:00:00
401,1101,tallinn,85,15,2025-01-24 00:00:00
402,1101,tartu,3,46,2025-02-03 00:00:00
403,1101,pärnu,138,43,2025-02-19 00:00:00
404,1101,ladu,238,17,2025-02-08 00:00:00
405,1102,tallinn,43,27,2025-01-15 00:00:00
406,1102,tartu,117,15,2025-02-04 00:00:00
407,1102,pärnu,104,14,2025-02-07 00:00:00
408,1102,ladu,9429,15,2025-01-05 00:00:00
409,1103,tallinn,38,37,2025-01-25 00:00:00
410,1103,tartu,30,22,2025-02-24 00:00:00
411,1103,pärnu,7,15,2025-01-29 00:00:00
412,1103,ladu,-19,50,2025-02-02 00:00:00
413,1104,tallinn,11,36,2025-02-24 00:00:00
414,1104,tartu,147,33,2025-01-03 00:00:00
415,1104,pärnu,81,12,2025-02-06 00:00:00
416,1104,ladu,167,18,2025-01-28 00:00:00
417,1105,tallinn,140,15,2025-02-02 00:00:00
418,1105,tartu,79,41,2025-01-22 00:00:00
419,1105,pärnu,81,30,2025-02-11 00:00:00
420,1105,ladu,244,15,2025-01-09 00:00:00
421,1106,tallinn,137,50,2025-01-05 00:00:00
422,1106,tartu,117,28,2025-02-19 00:00:00
423,1106,pärnu,97,11,2025-01-23 00:00:00
424,1106,ladu,468,14,2025-02-14 00:00:00
425,1107,tallinn,144,25,2025-02-22 00:00:00
426,1107,tartu,38,11,2025-01-24 00:00:00
427,1107,pärnu,63,34,2024-03-23 00:00:00
428,1107,ladu,430,31,2025-02-25 00:00:00
429,1108,tallinn,115,36,2024-09-10 00:00:00
430,1108,tartu,140,46,2025-02-06 00:00:00
431,1108,pärnu,112,28,2024-05-04 00:00:00
432,1108,ladu,5854,37,2025-01-16 00:00:00
433,1109,tallinn,87,11,2025-01-14 00:00:00
434,1109,tartu,66,18,2024-10-07 00:00:00
435,1109,pärnu,83,34,2025-01-12 00:00:00
436,1109,ladu,347,30,2025-01-09 00:00:00
437,1110,tallinn,147,22,2025-02-19 00:00:00
438,1110,tartu,103,23,2025-01-23 00:00:00
439,1110,pärnu,120,33,2025-01-15 00:00:00
440,1110,ladu,146,43,2025-01-26 00:00:00
441,1111,tallinn,88,24,2025-02-26 00:00:00
442,1111,tartu,20,24,2025-02-11 00:00:00
443,1111,pärnu,6,38,2024-08-07 00:00:00
444,1111,ladu,-46,47,2024-04-13 00:00:00
445,1112,tallinn,69,18,2024-11-08 00:00:00
446,1112,tartu,43,28,2025-02-12 00:00:00
447,1112,pärnu,4671,20,2025-01-22 00:00:00
448,1112,ladu,92,39,2025-01-23 00:00:00
449,1113,tallinn,139,50,2025-02-22 00:00:00
450,1113,tartu,20,49,2025-02-25 00:00:00
451,1113,pärnu,122,48,2025-01-02 00:00:00
452,1113,ladu,475,14,2025-02-13 00:00:00
453,1114,tallinn,134,32,2024-08-19 00:00:00
454,1114,tartu,14,33,2025-02-04 00:00:00
455,1114,pärnu,115,30,2025-02-21 00:00:00
456,1114,ladu,24,46,2025-01-24 00:00:00
457,1115,tallinn,39,30,2025-01-01 00:00:00
458,1115,tartu,4,25,2024-10-24 00:00:00
459,1115,pärnu,65,24,2025-01-12 00:00:00
460,1115,ladu,214,38,2025-01-25 00:00:00
461,1116,tallinn,149,40,2025-02-13 00:00:00
462,1116,tartu,115,14,2025-02-20 00:00:00
463,1116,pärnu,32,22,2025-02-15 00:00:00
464,1116,ladu,331,26,2025-02-19 00:00:00
465,1117,tallinn,33,43,2025-01-20 00:00:00
466,1117,tartu,6458,50,2025-01-28 00:00:00
467,1117,pärnu,14,21,2025-02-12 00:00:00
468,1117,ladu,479,12,2025-02-11 00:00:00
469,1118,tallinn,146,38,2025-01-08 00:00:00
470,1118,tartu,119,15,2025-02-25 00:00:00
471,1118,pärnu,48,15,2025-01-31 00:00:00
472,1118,ladu,270,24,2025-01-14 00:00:00
473,1119,tallinn,66,45,2025-02-17 00:00:00
474,1119,tartu,110,40,2025-02-09 00:00:00
475,1119,pärnu,119,37,2025-01-26 00:00:00
476,1119,ladu,175,24,2024-05-04 00:00:00
477,1120,tallinn,30,27,2025-02-14 00:00:00
478,1120,tartu,99,48,2025-02-13 00:00:00
479,1120,pärnu,105,45,2025-02-13 00:00:00
480,1120,ladu,35,34,2025-02-23 00:00:00
481,1121,tallinn,64,39,2025-02-22 00:00:00
482,1121,tartu,60,28,2025-01-18 00:00:00
483,1121,pärnu,55,23,2024-04-08 00:00:00
484,1121,ladu,56,37,2025-02-17 00:00:00
485,1122,tallinn,16,14,2025-01-28 00:00:00
486,1122,tartu,95,10,2025-01-23 00:00:00
487,1122,pärnu,98,23,2025-02-14 00:00:00
488,1122,ladu,143,40,2025-02-20 00:00:00
489,1123,tallinn,136,15,2025-02-28 00:00:00
490,1123,tartu,54,28,2025-01-11 00:00:00
491,1123,pärnu,91,16,2025-02-19 00:00:00
492,1123,ladu,39,26,2025-02-11 00:00:00
493,1124,tallinn,63,19,2025-01-23 00:00:00
494,1124,tartu,127,32,2025-01-03 00:00:00
495,1124,pärnu,102,22,2024-05-27 00:00:00
496,1124,ladu,86,14,2025-01-22 00:00:00
497,1125,tallinn,70,17,2025-02-04 00:00:00
498,1125,tartu,35,44,2025-02-20 00:00:00
499,1125,pärnu,68,50,2025-02-05 00:00:00
500,1125,ladu,247,28,2025-01-02 00:00:00
501,1126,tallinn,95,28,2025-02-10 00:00:00
502,1126,tartu,109,27,2025-01-21 00:00:00
503,1126,pärnu,26,13,2025-02-23 00:00:00
504,1126,ladu,199,20,2025-02-26 00:00:00
505,1127,tallinn,13,19,2025-01-09 00:00:00
506,1127,tartu,24,26,2025-01-09 00:00:00
507,1127,pärnu,0,13,2025-02-15 00:00:00
508,1127,ladu,29,13,2025-01-30 00:00:00
509,1128,tallinn,23,48,2025-01-08 00:00:00
510,1128,tartu,115,41,2025-01-25 00:00:00
511,1128,pärnu,27,47,2025-02-20 00:00:00
512,1128,ladu,278,14,2025-01-23 00:00:00
513,1129,tallinn,120,47,2025-02-12 00:00:00
514,1129,tartu,67,44,2025-02-01 00:00:00
515,1129,pärnu,136,16,2025-01-04 00:00:00
516,1129,ladu,127,12,2025-01-07 00:00:00
517,1130,tallinn,137,26,2025-01-27 00:00:00
518,1130,tartu,81,48,2025-01-22 00:00:00
519,1130,pärnu,104,30,2025-01-28 00:00:00
520,1130,ladu,364,15,2024-06-27 00:00:00
521,1131,tallinn,145,13,2025-01-18 00:00:00
522,1131,tartu,95,40,2025-01-21 00:00:00
523,1131,pärnu,129,18,2025-01-07 00:00:00
524,1131,ladu,121,47,2024-08-09 00:00:00
525,1132,tallinn,133,17,2025-02-12 00:00:00
526,1132,tartu,88,24,2025-01-17 00:00:00
527,1132,pärnu,79,15,2025-02-10 00:00:00
528,1132,ladu,3765,23,2025-01-11 00:00:00
529,1133,tallinn,40,35,2025-01-17 00:00:00
530,1133,tartu,65,23,2025-01-22 00:00:00
531,1133,pärnu,7872,34,2025-01-25 00:00:00
532,1133,ladu,333,20,2025-02-25 00:00:00
533,1134,tallinn,117,44,2024-11-03 00:00:00
534,1134,tartu,47,33,2024-07-22 00:00:00
535,1134,pärnu,11,49,2025-02-18 00:00:00
536,1134,ladu,114,48,2025-01-02 00:00:00
537,1135,tallinn,25,12,2025-01-14 00:00:00
538,1135,tartu,133,24,2025-01-04 00:00:00
539,1135,pärnu,66,19,2024-04-17 00:00:00
540,1135,ladu,263,31,2025-01-11 00:00:00
541,1136,tallinn,132,18,2025-01-31 00:00:00
542,1136,tartu,75,22,2024-06-29 00:00:00
543,1136,pärnu,86,24,2025-02-02 00:00:00
544,1136,ladu,493,33,2025-02-10 00:00:00
545,1137,tallinn,18,26,2025-01-12 00:00:00
546,1137,tartu,104,26,2025-02-17 00:00:00
547,1137,pärnu,65,10,2025-01-28 00:00:00
548,1137,ladu,121,11,2025-01-14 00:00:00
549,1138,tallinn,134,13,2025-02-27 00:00:00
550,1138,tartu,98,50,2025-02-01 00:00:00
551,1138,pärnu,28,47,2025-01-13 00:00:00
552,1138,ladu,477,25,2024-08-13 00:00:00
553,1139,tallinn,18,10,2025-02-15 00:00:00
554,1139,tartu,70,46,2025-02-01 00:00:00
555,1139,pärnu,23,42,2025-01-07 00:00:00
556,1139,ladu,865,45,2025-02-02 00:00:00
557,1140,tallinn,1,30,2025-01-21 00:00:00
558,1140,tartu,35,37,2025-02-28 00:00:00
559,1140,pärnu,114,45,2025-02-17 00:00:00
560,1140,ladu,118,50,2024-07-04 00:00:00
561,1141,tallinn,90,31,2025-02-14 00:00:00
562,1141,tartu,74,31,2024-08-16 00:00:00
563,1141,pärnu,142,12,2025-01-22 00:00:00
564,1141,ladu,31,10,2024-07-26 00:00:00
565,1142,tallinn,78,12,2025-02-03 00:00:00
566,1142,tartu,102,46,2025-02-04 00:00:00
567,1142,pärnu,56,40,2025-02-28 00:00:00
568,1142,ladu,199,37,2025-02-10 00:00:00
569,1143,tallinn,80,49,2025-01-01 00:00:00
570,1143,tartu,139,17,2025-01-07 00:00:00
571,1143,pärnu,11,22,2024-07-07 00:00:00
572,1143,ladu,137,16,2025-01-26 00:00:00
573,1144,tallinn,82,21,2025-02-17 00:00:00
574,1144,tartu,71,18,2025-02-02 00:00:00
575,1144,pärnu,14,50,2025-02-16 00:00:00
576,1144,ladu,39,35,2025-02-15 00:00:00
577,1145,tallinn,96,15,2025-01-17 00:00:00
578,1145,tartu,108,25,2025-01-01 00:00:00
579,1145,pärnu,15,27,2025-01-01 00:00:00
580,1145,ladu,3,35,2025-01-15 00:00:00
581,1146,tallinn,20,19,2024-03-16 00:00:00
582,1146,tartu,67,38,2024-03-23 00:00:00
583,1146,pärnu,89,39,2025-02-04 00:00:00
584,1146,ladu,86,35,2024-07-02 00:00:00
585,1147,tallinn,106,42,2025-01-12 00:00:00
586,1147,tartu,131,16,2025-02-19 00:00:00
587,1147,pärnu,47,36,2025-02-02 00:00:00
588,1147,ladu,416,39,2024-10-12 00:00:00
589,1148,tallinn,46,38,2025-01-20 00:00:00
590,1148,tartu,119,13,2025-01-15 00:00:00
591,1148,pärnu,87,26,2025-02-02 00:00:00
592,1148,ladu,200,29,2025-01-15 00:00:00
593,1149,tallinn,93,32,2025-01-26 00:00:00
594,1149,tartu,6,33,2025-02-28 00:00:00
595,1149,pärnu,65,28,2025-01-23 00:00:00
596,1149,ladu,183,14,2025-01-06 00:00:00
597,1150,tallinn,76,36,2025-01-15 00:00:00
598,1150,tartu,114,32,2025-01-15 00:00:00
599,1150,pärnu,94,12,2025-02-14 00:00:00
600,1150,ladu,148,23,2025-01-17 00:00:00
601,1151,tallinn,63,29,2024-10-03 00:00:00
602,1151,tartu,144,21,2025-01-03 00:00:00
603,1151,pärnu,25,21,2025-01-11 00:00:00
604,1151,ladu,83,30,2025-01-18 00:00:00
605,1152,tallinn,148,26,2025-02-15 00:00:00
606,1152,tartu,92,23,2025-01-23 00:00:00
607,1152,pärnu,56,10,2024-06-11 00:00:00
608,1152,ladu,436,28,2025-01-01 00:00:00
609,1153,tallinn,97,36,2025-02-28 00:00:00
610,1153,tartu,96,10,2025-01-02 00:00:00
611,1153,pärnu,18,49,2025-02-01 00:00:00
612,1153,ladu,62,42,2025-01-09 00:00:00
613,1154,tallinn,132,14,2025-02-04 00:00:00
614,1154,tartu,40,29,2025-01-06 00:00:00
615,1154,pärnu,84,29,2025-01-23 00:00:00
616,1154,ladu,361,50,2025-02-06 00:00:00
617,1155,tallinn,69,48,2025-01-08 00:00:00
618,1155,tartu,145,44,2025-02-28 00:00:00
619,1155,pärnu,100,21,2025-02-17 00:00:00
620,1155,ladu,454,27,2025-02-05 00:00:00
621,1156,tallinn,65,35,2025-02-19 00:00:00
622,1156,tartu,87,48,2025-02-17 00:00:00
623,1156,pärnu,100,21,2025-01-21 00:00:00
624,1156,ladu,139,29,2024-07-03 00:00:00
625,1157,tallinn,6,29,2025-01-30 00:00:00
626,1157,tartu,128,33,2025-01-20 00:00:00
627,1157,pärnu,40,33,2024-06-21 00:00:00
628,1157,ladu,436,34,2025-01-03 00:00:00
629,1158,tallinn,115,30,2024-06-20 00:00:00
630,1158,tartu,118,30,2025-01-04 00:00:00
631,1158,pärnu,67,14,2025-01-15 00:00:00
632,1158,ladu,1945,46,2025-01-03 00:00:00
633,1159,tallinn,21,44,2025-01-17 00:00:00
634,1159,tartu,14,33,2025-01-09 00:00:00
635,1159,pärnu,74,15,2025-01-05 00:00:00
636,1159,ladu,83,10,2025-01-02 00:00:00
637,1160,tallinn,114,43,2025-01-31 00:00:00
638,1160,tartu,118,15,2025-01-08 00:00:00
639,1160,pärnu,76,45,2025-01-06 00:00:00
640,1160,ladu,122,40,2025-02-13 00:00:00
641,1161,tallinn,122,12,2025-02-23 00:00:00
642,1161,tartu,69,26,2025-01-22 00:00:00
643,1161,pärnu,111,44,2025-02-21 00:00:00
644,1161,ladu,70,26,2025-01-03 00:00:00
645,1162,tallinn,112,33,2024-04-25 00:00:00
646,1162,tartu,49,10,2025-01-31 00:00:00
647,1162,pärnu,112,50,2025-01-04 00:00:00
648,1162,ladu,166,28,2025-02-05 00:00:00
649,1163,tallinn,140,40,2025-02-16 00:00:00
650,1163,tartu,9,50,2025-02-15 00:00:00
651,1163,pärnu,36,40,2024-08-22 00:00:00
652,1163,ladu,455,43,2025-02-17 00:00:00
653,1164,tallinn,128,28,2024-04-27 00:00:00
654,1164,tartu,133,41,2025-01-30 00:00:00
655,1164,pärnu,55,18,2024-05-17 00:00:00
656,1164,ladu,124,31,2025-01-31 00:00:00
657,1165,tallinn,90,20,2025-02-12 00:00:00
658,1165,tartu,69,20,2025-01-15 00:00:00
659,1165,pärnu,35,44,2025-01-17 00:00:00
660,1165,ladu,108,24,2024-05-21 00:00:00
661,1166,tallinn,47,24,2025-01-14 00:00:00
662,1166,tartu,44,45,2025-02-05 00:00:00
663,1166,pärnu,126,19,2025-02-05 00:00:00
664,1166,ladu,111,27,2025-01-01 00:00:00
665,1167,tallinn,20,15,2025-01-11 00:00:00
666,1167,tartu,56,36,2025-01-16 00:00:00
667,1167,pärnu,148,49,2025-02-15 00:00:00
668,1167,ladu,133,44,2025-02-18 00:00:00
669,1168,tallinn,61,44,2025-02-04 00:00:00
670,1168,tartu,63,44,2025-02-01 00:00:00
671,1168,pärnu,14,43,2025-01-07 00:00:00
672,1168,ladu,8968,17,2025-02-13 00:00:00
673,1169,tallinn,78,13,2024-10-20 00:00:00
674,1169,tartu,67,15,2025-02-13 00:00:00
675,1169,pärnu,127,40,2025-01-18 00:00:00
676,1169,ladu,102,20,2024-10-03 00:00:00
677,1170,tallinn,73,23,2025-02-28 00:00:00
678,1170,tartu,10,41,2025-01-16 00:00:00
679,1170,pärnu,79,25,2025-02-06 00:00:00
680,1170,ladu,53,50,2025-02-11 00:00:00
681,1171,tallinn,11,41,2025-02-23 00:00:00
682,1171,tartu,49,45,2025-02-18 00:00:00
683,1171,pärnu,0,45,2025-02-27 00:00:00
684,1171,ladu,276,23,2025-01-18 00:00:00
685,1172,tallinn,136,43,2025-01-15 00:00:00
686,1172,tartu,51,25,2025-02-06 00:00:00
687,1172,pärnu,49,41,2025-01-11 00:00:00
688,1172,ladu,298,24,2025-01-31 00:00:00
689,1173,tallinn,86,42,2025-02-02 00:00:00
690,1173,tartu,98,14,2025-01-20 00:00:00
691,1173,pärnu,105,40,2024-05-19 00:00:00
692,1173,ladu,305,16,2025-02-04 00:00:00
693,1174,tallinn,99,28,2025-02-24 00:00:00
694,1174,tartu,149,38,2025-01-23 00:00:00
695,1174,pärnu,140,34,2024-09-03 00:00:00
696,1174,ladu,102,35,2025-01-20 00:00:00
697,1175,tallinn,148,16,2025-01-24 00:00:00
698,1175,tartu,0,35,2025-02-09 00:00:00
699,1175,pärnu,95,47,2024-04-24 00:00:00
700,1175,ladu,224,14,2024-07-11 00:00:00
701,1176,tallinn,61,39,2024-06-06 00:00:00
702,1176,tartu,148,40,2025-01-09 00:00:00
703,1176,pärnu,55,50,2025-01-09 00:00:00
704,1176,ladu,498,36,2025-02-09 00:00:00
705,1177,tallinn,46,12,2024-09-08 00:00:00
706,1177,tartu,143,23,2025-02-13 00:00:00
707,1177,pärnu,19,26,2025-02-21 00:00:00
708,1177,ladu,172,11,2025-02-27 00:00:00
709,1178,tallinn,101,35,2024-10-21 00:00:00
710,1178,tartu,87,14,2025-01-22 00:00:00
711,1178,pärnu,89,40,2025-01-04 00:00:00
712,1178,ladu,286,13,2025-01-20 00:00:00
713,1179,tallinn,56,33,2025-01-21 00:00:00
714,1179,tartu,5796,25,2024-11-08 00:00:00
715,1179,pärnu,99,37,2025-01-30 00:00:00
716,1179,ladu,291,33,2025-02-08 00:00:00
717,1180,tallinn,10,13,2025-01-21 00:00:00
718,1180,tartu,91,47,2025-01-10 00:00:00
719,1180,pärnu,37,12,2025-02-22 00:00:00
720,1180,ladu,312,45,2025-01-14 00:00:00
721,1181,tallinn,51,26,2025-02-28 00:00:00
722,1181,tartu,131,17,2024-10-13 00:00:00
723,1181,pärnu,90,11,2025-02-26 00:00:00
724,1181,ladu,381,14,2025-01-20 00:00:00
725,1182,tallinn,37,21,2025-02-04 00:00:00
726,1182,tartu,95,42,2024-04-22 00:00:00
727,1182,pärnu,51,26,2025-02-18 00:00:00
728,1182,ladu,303,32,2025-02-27 00:00:00
729,1183,tallinn,37,45,2025-02-16 00:00:00
730,1183,tartu,148,45,2025-02-03 00:00:00
731,1183,pärnu,59,17,2025-02-21 00:00:00
732,1183,ladu,233,16,2025-02-09 00:00:00
733,1184,tallinn,42,13,2025-02-02 00:00:00
734,1184,tartu,10,17,2024-08-02 00:00:00
735,1184,pärnu,60,42,2025-02-03 00:00:00
736,1184,ladu,424,37,2025-02-22 00:00:00
737,1185,tallinn,8,30,2025-02-06 00:00:00
738,1185,tartu,23,22,2025-02-07 00:00:00
739,1185,pärnu,94,37,2025-01-10 00:00:00
740,1185,ladu,395,30,2025-01-03 00:00:00
741,1186,tallinn,11,15,2025-01-04 00:00:00
742,1186,tartu,132,29,2025-02-27 00:00:00
743,1186,pärnu,44,31,2025-01-27 00:00:00
744,1186,ladu,442,32,2025-02-11 00:00:00
745,1187,tallinn,108,11,2024-08-09 00:00:00
746,1187,tartu,18,45,2025-01-17 00:00:00
747,1187,pärnu,91,22,2025-01-27 00:00:00
748,1187,ladu,337,42,2025-02-15 00:00:00
749,1188,tallinn,122,12,2025-01-03 00:00:00
750,1188,tartu,1723,14,2024-03-10 00:00:00
751,1188,pärnu,49,24,2025-02-09 00:00:00
752,1188,ladu,384,26,2024-07-20 00:00:00
753,1189,tallinn,134,13,2025-02-21 00:00:00
754,1189,tartu,2,34,2024-06-24 00:00:00
755,1189,pärnu,68,47,2025-02-08 00:00:00
756,1189,ladu,95,29,2024-10-11 00:00:00
757,1190,tallinn,134,36,2025-02-22 00:00:00
758,1190,tartu,127,50,2025-01-21 00:00:00
759,1190,pärnu,39,19,2025-02-05 00:00:00
760,1190,ladu,1,15,2025-01-17 00:00:00
761,1191,tallinn,98,34,2025-01-12 00:00:00
762,1191,tartu,109,37,2025-02-18 00:00:00
763,1191,pärnu,56,16,2025-01-17 00:00:00
764,1191,ladu,4,41,2025-02-08 00:00:00
765,1192,tallinn,62,43,2025-01-26 00:00:00
766,1192,tartu,148,14,2025-01-25 00:00:00
767,1192,pärnu,112,18,2024-07-05 00:00:00
768,1192,ladu,409,25,2024-06-30 00:00:00
769,1193,tallinn,44,30,2025-01-05 00:00:00
770,1193,tartu,56,27,2025-02-06 00:00:00
771,1193,pärnu,141,37,2025-02-25 00:00:00
772,1193,ladu,10,37,2025-01-03 00:00:00
773,1194,tallinn,7,38,2025-01-12 00:00:00
774,1194,tartu,95,15,2025-02-22 00:00:00
775,1194,pärnu,112,34,2025-02-23 00:00:00
776,1194,ladu,312,44,2025-02-28 00:00:00
777,1195,tallinn,13,13,2025-02-07 00:00:00
778,1195,tartu,125,24,2025-02-17 00:00:00
779,1195,pärnu,39,20,2025-01-03 00:00:00
780,1195,ladu,195,30,2025-02-08 00:00:00
781,1196,tallinn,93,32,2024-11-08 00:00:00
782,1196,tartu,140,25,2025-01-10 00:00:00
783,1196,pärnu,78,44,2025-02-18 00:00:00
784,1196,ladu,210,32,2025-02-02 00:00:00
785,1197,tallinn,85,26,2025-01-14 00:00:00
786,1197,tartu,12,16,2025-01-14 00:00:00
787,1197,pärnu,39,11,2025-02-22 00:00:00
788,1197,ladu,2,34,2025-01-07 00:00:00
789,1198,tallinn,6821,27,2024-05-09 00:00:00
790,1198,tartu,125,17,2025-02-27 00:00:00
791,1198,pärnu,103,10,2025-01-21 00:00:00
792,1198,ladu,329,14,2025-01-27 00:00:00
793,1199,tallinn,70,34,2025-02-22 00:00:00
794,1199,tartu,33,44,2025-01-04 00:00:00
795,1199,pärnu,25,50,2025-01-02 00:00:00
796,1199,ladu,113,28,2024-06-08 00:00:00
797,1200,tallinn,56,21,2025-02-15 00:00:00
798,1200,tartu,45,27,2025-01-24 00:00:00
799,1200,pärnu,36,11,2025-01-31 00:00:00
800,1200,ladu,29,21,2025-02-15 00:00:00
801,1201,tallinn,91,35,2024-09-01 00:00:00
802,1201,tartu,86,50,2025-02-15 00:00:00
803,1201,pärnu,36,10,2025-01-13 00:00:00
804,1201,ladu,252,47,2025-01-30 00:00:00
805,1202,tallinn,147,30,2025-02-03 00:00:00
806,1202,tartu,64,41,2025-01-13 00:00:00
807,1202,pärnu,109,46,2025-02-22 00:00:00
808,1202,ladu,70,29,2025-01-19 00:00:00
809,1203,tallinn,30,36,2024-09-03 00:00:00
810,1203,tartu,28,38,2025-01-01 00:00:00
811,1203,pärnu,106,19,2025-02-19 00:00:00
812,1203,ladu,87,12,2025-02-10 00:00:00
813,1204,tallinn,94,41,2025-02-08 00:00:00
814,1204,tartu,134,18,2024-07-10 00:00:00
815,1204,pärnu,70,33,2024-04-16 00:00:00
816,1204,ladu,273,30,2025-02-23 00:00:00
817,1205,tallinn,93,32,2025-02-23 00:00:00
818,1205,tartu,21,23,2025-02-14 00:00:00
819,1205,pärnu,147,36,2024-03-19 00:00:00
820,1205,ladu,313,17,2025-01-28 00:00:00
821,1206,tallinn,100,11,2025-01-22 00:00:00
822,1206,tartu,32,11,2025-02-26 00:00:00
823,1206,pärnu,6,34,2025-02-05 00:00:00
824,1206,ladu,226,40,2024-11-07 00:00:00
825,1207,tallinn,127,17,2025-02-20 00:00:00
826,1207,tartu,22,15,2025-01-21 00:00:00
827,1207,pärnu,148,15,2025-01-18 00:00:00
828,1207,ladu,415,12,2025-01-29 00:00:00
829,1208,tallinn,47,43,2025-02-14 00:00:00
830,1208,tartu,104,11,2024-09-01 00:00:00
831,1208,pärnu,10,18,2025-02-17 00:00:00
832,1208,ladu,15,30,2025-01-27 00:00:00
833,1209,tallinn,81,17,2025-02-23 00:00:00
834,1209,tartu,9,32,2024-10-07 00:00:00
835,1209,pärnu,64,29,2024-03-12 00:00:00
836,1209,ladu,60,12,2024-11-03 00:00:00
837,1210,tallinn,25,50,2025-02-28 00:00:00
838,1210,tartu,118,36,2024-05-12 00:00:00
839,1210,pärnu,2277,25,2025-01-22 00:00:00
840,1210,ladu,481,13,2025-02-03 00:00:00
841,1211,tallinn,5,30,2025-01-05 00:00:00
842,1211,tartu,34,28,2025-01-30 00:00:00
843,1211,pärnu,41,41,2025-01-19 00:00:00
844,1211,ladu,473,33,2025-02-28 00:00:00
845,1212,tallinn,134,12,2025-02-25 00:00:00
846,1212,tartu,101,35,2025-01-26 00:00:00
847,1212,pärnu,52,23,2025-01-31 00:00:00
848,1212,ladu,391,14,2025-02-23 00:00:00
849,1213,tallinn,111,30,2025-01-19 00:00:00
850,1213,tartu,97,33,2025-02-07 00:00:00
851,1213,pärnu,11,41,2025-01-21 00:00:00
852,1213,ladu,377,23,2025-01-28 00:00:00
853,1214,tallinn,126,36,2025-01-16 00:00:00
854,1214,tartu,126,29,2025-02-07 00:00:00
855,1214,pärnu,10,14,2025-02-20 00:00:00
856,1214,ladu,461,36,2025-02-09 00:00:00
857,1215,tallinn,9,33,2025-01-28 00:00:00
858,1215,tartu,104,32,2025-01-18 00:00:00
859,1215,pärnu,143,18,2025-01-26 00:00:00
860,1215,ladu,64,46,2025-02-11 00:00:00
861,1216,tallinn,127,22,2025-02-03 00:00:00
862,1216,tartu,1,44,2024-04-14 00:00:00
863,1216,pärnu,7588,21,2024-08-01 00:00:00
864,1216,ladu,82,20,2025-01-16 00:00:00
865,1217,tallinn,19,26,2025-01-28 00:00:00
866,1217,tartu,2983,49,2025-02-01 00:00:00
867,1217,pärnu,85,11,2025-01-22 00:00:00
868,1217,ladu,269,13,2025-02-11 00:00:00
869,1218,tallinn,88,33,2025-01-04 00:00:00
870,1218,tartu,62,50,2025-02-03 00:00:00
871,1218,pärnu,74,43,2025-01-15 00:00:00
872,1218,ladu,85,25,2025-02-03 00:00:00
873,1219,tallinn,25,47,2025-01-01 00:00:00
874,1219,tartu,48,32,2025-02-06 00:00:00
875,1219,pärnu,47,42,2025-01-30 00:00:00
876,1219,ladu,76,39,2025-02-08 00:00:00
877,1220,tallinn,79,27,2025-01-04 00:00:00
878,1220,tartu,35,28,2024-03-15 00:00:00
879,1220,pärnu,109,27,2025-01-07 00:00:00
880,1220,ladu,374,41,2025-01-09 00:00:00
881,1221,tallinn,124,17,2025-02-15 00:00:00
882,1221,tartu,35,48,2025-01-14 00:00:00
883,1221,pärnu,25,38,2025-01-27 00:00:00
884,1221,ladu,120,20,2024-06-22 00:00:00
885,1222,tallinn,116,10,2025-01-03 00:00:00
886,1222,tartu,149,32,2025-02-28 00:00:00
887,1222,pärnu,98,11,2025-01-12 00:00:00
888,1222,ladu,484,14,2025-02-23 00:00:00
889,1223,tallinn,5,13,2025-02-25 00:00:00
890,1223,tartu,82,33,2025-02-04 00:00:00
891,1223,pärnu,12,40,2025-02-10 00:00:00
892,1223,ladu,297,28,2025-01-06 00:00:00
893,1224,tallinn,60,20,2025-01-10 00:00:00
894,1224,tartu,107,40,2025-02-17 00:00:00
895,1224,pärnu,67,39,2025-01-16 00:00:00
896,1224,ladu,335,23,2025-01-03 00:00:00
897,1225,tallinn,50,21,2025-01-08 00:00:00
898,1225,tartu,33,32,2025-01-30 00:00:00
899,1225,pärnu,60,42,2024-09-21 00:00:00
900,1225,ladu,3251,34,2024-07-20 00:00:00
901,1226,tallinn,42,33,2024-10-03 00:00:00
902,1226,tartu,122,11,2025-01-25 00:00:00
903,1226,pärnu,77,20,2025-01-26 00:00:00
904,1226,ladu,364,21,2025-01-19 00:00:00
905,1227,tallinn,92,31,2024-07-01 00:00:00
906,1227,tartu,71,34,2025-02-26 00:00:00
907,1227,pärnu,68,13,2025-01-19 00:00:00
908,1227,ladu,412,23,2025-01-07 00:00:00
909,1228,tallinn,136,25,2025-01-30 00:00:00
910,1228,tartu,86,18,2025-01-15 00:00:00
911,1228,pärnu,83,31,2025-02-26 00:00:00
912,1228,ladu,5321,11,2025-02-20 00:00:00
913,1229,tallinn,59,40,2025-02-17 00:00:00
914,1229,tartu,115,26,2025-01-31 00:00:00
915,1229,pärnu,72,48,2025-01-12 00:00:00
916,1229,ladu,6376,27,2025-02-20 00:00:00
917,1230,tallinn,142,26,2025-02-18 00:00:00
918,1230,tartu,148,42,2024-07-14 00:00:00
919,1230,pärnu,44,28,2025-01-26 00:00:00
920,1230,ladu,363,45,2025-01-20 00:00:00
921,1231,tallinn,114,27,2025-01-20 00:00:00
922,1231,tartu,139,44,2025-02-05 00:00:00
923,1231,pärnu,80,22,2024-11-11 00:00:00
924,1231,ladu,212,25,2025-02-12 00:00:00
925,1232,tallinn,73,33,2025-02-19 00:00:00
926,1232,tartu,48,45,2025-01-11 00:00:00
927,1232,pärnu,40,12,2025-02-04 00:00:00
928,1232,ladu,219,31,2025-02-13 00:00:00
929,1233,tallinn,123,20,2025-02-01 00:00:00
930,1233,tartu,48,15,2025-01-27 00:00:00
931,1233,pärnu,122,46,2024-11-27 00:00:00
932,1233,ladu,426,12,2025-01-06 00:00:00
933,1234,tallinn,26,18,2025-01-21 00:00:00
934,1234,tartu,127,16,2024-08-31 00:00:00
935,1234,pärnu,12,19,2025-01-31 00:00:00
936,1234,ladu,34,31,2024-04-16 00:00:00
937,1235,tallinn,139,45,2024-10-09 00:00:00
938,1235,tartu,129,22,2025-02-21 00:00:00
939,1235,pärnu,46,38,2025-02-11 00:00:00
940,1235,ladu,195,18,2025-02-04 00:00:00
941,1236,tallinn,139,46,2024-06-08 00:00:00
942,1236,tartu,127,34,2025-02-24 00:00:00
943,1236,pärnu,113,41,2025-02-22 00:00:00
944,1236,ladu,8,39,2025-01-08 00:00:00
945,1237,tallinn,5,17,2025-01-15 00:00:00
946,1237,tartu,135,16,2025-02-04 00:00:00
947,1237,pärnu,62,42,2025-02-18 00:00:00
948,1237,ladu,156,41,2025-02-28 00:00:00
949,1238,tallinn,52,37,2025-01-08 00:00:00
950,1238,tartu,79,18,2025-02-05 00:00:00
951,1238,pärnu,139,38,2025-01-22 00:00:00
952,1238,ladu,88,25,2025-01-19 00:00:00
953,1239,tallinn,111,28,2025-02-23 00:00:00
954,1239,tartu,123,25,2024-06-26 00:00:00
955,1239,pärnu,76,21,2025-01-22 00:00:00
956,1239,ladu,209,36,2025-02-17 00:00:00
957,1240,tallinn,104,40,2024-05-18 00:00:00
958,1240,tartu,29,30,2025-01-01 00:00:00
959,1240,pärnu,79,44,2025-01-30 00:00:00
960,1240,ladu,1,16,2025-01-20 00:00:00
961,1241,tallinn,31,50,2025-01-05 00:00:00
962,1241,tartu,16,39,2025-02-09 00:00:00
963,1241,pärnu,88,35,2025-01-27 00:00:00
964,1241,ladu,400,49,2025-01-16 00:00:00
965,1242,tallinn,148,12,2025-02-27 00:00:00
966,1242,tartu,22,31,2025-01-16 00:00:00
967,1242,pärnu,42,16,2025-01-05 00:00:00
968,1242,ladu,304,23,2024-08-29 00:00:00
969,1243,tallinn,64,43,2025-01-13 00:00:00
970,1243,tartu,12,20,2025-01-23 00:00:00
971,1243,pärnu,86,50,2025-02-02 00:00:00
972,1243,ladu,245,20,2025-02-25 00:00:00
973,1244,tallinn,87,26,2024-11-20 00:00:00
974,1244,tartu,11,12,2025-01-07 00:00:00
975,1244,pärnu,104,10,2025-01-09 00:00:00
976,1244,ladu,78,32,2025-01-27 00:00:00
977,1245,tallinn,16,26,2025-02-05 00:00:00
978,1245,tartu,77,28,2025-01-10 00:00:00
979,1245,pärnu,58,12,2025-01-18 00:00:00
980,1245,ladu,270,41,2024-03-12 00:00:00
981,1246,tallinn,2,12,2024-05-08 00:00:00
982,1246,tartu,43,25,2025-02-16 00:00:00
983,1246,pärnu,94,35,2025-01-10 00:00:00
984,1246,ladu,25,11,2024-09-28 00:00:00
985,1247,tallinn,8,26,2025-02-23 00:00:00
986,1247,tartu,138,11,2025-02-21 00:00:00
987,1247,pärnu,105,16,2024-06-01 00:00:00
988,1247,ladu,283,15,2025-01-10 00:00:00
989,1248,tallinn,96,20,2025-02-05 00:00:00
990,1248,tartu,42,13,2024-06-12 00:00:00
991,1248,pärnu,19,12,2025-02-16 00:00:00
992,1248,ladu,49,50,2025-02-07 00:00:00
993,1249,tallinn,150,13,2025-01-29 00:00:00
994,1249,tartu,104,10,2025-02-04 00:00:00
995,1249,pärnu,34,44,2024-04-11 00:00:00
996,1249,ladu,378,44,2025-02-13 00:00:00
997,1250,tallinn,23,31,2025-01-04 00:00:00
998,1250,tartu,32,22,2024-11-13 00:00:00
999,1250,pärnu,34,17,2025-01-04 00:00:00
1000,1250,ladu,16,17,2025-01-08 00:00:00
1001,1251,tallinn,83,49,2025-02-20 00:00:00
1002,1251,tartu,126,34,2025-02-07 00:00:00
1003,1251,pärnu,128,28,2025-02-28 00:00:00
1004,1251,ladu,441,31,2025-01-06 00:00:00
1005,1252,tallinn,118,44,2025-02-22 00:00:00
1006,1252,tartu,30,45,2025-01-10 00:00:00
1007,1252,pärnu,81,23,2025-02-13 00:00:00
1008,1252,ladu,302,36,2025-01-21 00:00:00
1009,1253,tallinn,64,21,2025-02-16 00:00:00
1010,1253,tartu,63,47,2025-01-20 00:00:00
1011,1253,pärnu,20,21,2025-02-23 00:00:00
1012,1253,ladu,34,45,2025-02-14 00:00:00
1013,1254,tallinn,87,17,2025-01-26 00:00:00
1014,1254,tartu,146,38,2024-03-02 00:00:00
1015,1254,pärnu,46,50,2025-01-30 00:00:00
1016,1254,ladu,316,41,2025-01-16 00:00:00
1017,1255,tallinn,74,11,2025-02-12 00:00:00
1018,1255,tartu,66,13,2024-06-19 00:00:00
1019,1255,pärnu,148,38,2024-11-09 00:00:00
1020,1255,ladu,301,31,2025-02-17 00:00:00
1021,1256,tallinn,56,22,2025-01-26 00:00:00
1022,1256,tartu,5651,29,2025-02-08 00:00:00
1023,1256,pärnu,20,38,2025-01-19 00:00:00
1024,1256,ladu,77,32,2024-03-11 00:00:00
1025,1257,tallinn,56,50,2025-02-02 00:00:00
1026,1257,tartu,107,39,2025-01-01 00:00:00
1027,1257,pärnu,113,29,2025-02-17 00:00:00
1028,1257,ladu,270,17,2025-02-23 00:00:00
1029,1258,tallinn,39,26,2025-02-16 00:00:00
1030,1258,tartu,97,47,2025-02-02 00:00:00
1031,1258,pärnu,30,33,2025-01-23 00:00:00
1032,1258,ladu,250,27,2025-02-01 00:00:00
1033,1259,tallinn,16,24,2024-06-03 00:00:00
1034,1259,tartu,122,49,2025-02-28 00:00:00
1035,1259,pärnu,8,37,2025-01-28 00:00:00
1036,1259,ladu,157,23,2024-07-12 00:00:00
1037,1260,tallinn,85,43,2025-01-27 00:00:00
1038,1260,tartu,149,44,2025-02-10 00:00:00
1039,1260,pärnu,85,18,2025-01-18 00:00:00
1040,1260,ladu,400,38,2025-02-20 00:00:00
1041,1261,tallinn,136,25,2025-02-12 00:00:00
1042,1261,tartu,73,31,2025-01-19 00:00:00
1043,1261,pärnu,8,48,2024-09-12 00:00:00
1044,1261,ladu,331,26,2025-02-21 00:00:00
1045,1262,tallinn,143,37,2025-01-25 00:00:00
1046,1262,tartu,31,34,2024-05-05 00:00:00
1047,1262,pärnu,109,12,2025-02-24 00:00:00
1048,1262,ladu,389,29,2025-01-07 00:00:00
1049,1263,tallinn,130,48,2025-01-06 00:00:00
1050,1263,tartu,134,13,2025-01-17 00:00:00
1051,1263,pärnu,7704,45,2025-01-14 00:00:00
1052,1263,ladu,262,38,2025-02-02 00:00:00
1053,1264,tallinn,117,35,2025-01-11 00:00:00
1054,1264,tartu,141,18,2025-02-10 00:00:00
1055,1264,pärnu,27,29,2025-01-17 00:00:00
1056,1264,ladu,348,12,2025-02-21 00:00:00
1057,1265,tallinn,59,35,2025-02-21 00:00:00
1058,1265,tartu,92,24,2025-01-25 00:00:00
1059,1265,pärnu,71,33,2025-01-17 00:00:00
1060,1265,ladu,130,45,2025-01-04 00:00:00
1061,1266,tallinn,3,14,2025-01-10 00:00:00
1062,1266,tartu,43,50,2025-02-11 00:00:00
1063,1266,pärnu,82,48,2025-02-21 00:00:00
1064,1266,ladu,71,16,2025-01-09 00:00:00
1065,1267,tallinn,40,15,2025-02-15 00:00:00
1066,1267,tartu,5,36,2024-08-25 00:00:00
1067,1267,pärnu,52,23,2025-02-02 00:00:00
1068,1267,ladu,214,35,2025-02-12 00:00:00
1069,1268,tallinn,98,32,2024-06-21 00:00:00
1070,1268,tartu,21,24,2025-01-10 00:00:00
1071,1268,pärnu,88,14,2025-01-18 00:00:00
1072,1268,ladu,329,16,2025-02-01 00:00:00
1073,1269,tallinn,2409,25,2024-05-09 00:00:00
1074,1269,tartu,121,13,2025-02-04 00:00:00
1075,1269,pärnu,91,32,2025-02-18 00:00:00
1076,1269,ladu,221,20,2025-02-01 00:00:00
1077,1270,tallinn,146,21,2025-01-19 00:00:00
1078,1270,tartu,-42,29,2025-01-19 00:00:00
1079,1270,pärnu,87,25,2024-10-07 00:00:00
1080,1270,ladu,52,43,2024-07-17 00:00:00
1081,1271,tallinn,6,28,2025-01-07 00:00:00
1082,1271,tartu,-22,22,2025-01-17 00:00:00
1083,1271,pärnu,121,23,2025-02-03 00:00:00
1084,1271,ladu,9800,49,2025-02-15 00:00:00
1085,1272,tallinn,138,36,2025-02-13 00:00:00
1086,1272,tartu,95,35,2025-01-07 00:00:00
1087,1272,pärnu,4,19,2025-01-28 00:00:00
1088,1272,ladu,421,22,2024-06-07 00:00:00
1089,1273,tallinn,73,42,2024-03-16 00:00:00
1090,1273,tartu,85,48,2025-02-20 00:00:00
1091,1273,pärnu,144,50,2025-01-13 00:00:00
1092,1273,ladu,8,33,2025-01-13 00:00:00
1093,1274,tallinn,52,27,2025-01-13 00:00:00
1094,1274,tartu,20,20,2025-02-20 00:00:00
1095,1274,pärnu,88,38,2025-01-27 00:00:00
1096,1274,ladu,267,43,2025-01-09 00:00:00
1097,1275,tallinn,83,19,2025-01-14 00:00:00
1098,1275,tartu,114,26,2025-01-25 00:00:00
1099,1275,pärnu,68,46,2024-07-12 00:00:00
1100,1275,ladu,63,17,2025-02-21 00:00:00
1101,1276,tallinn,144,26,2024-08-17 00:00:00
1102,1276,tartu,147,44,2025-02-04 00:00:00
1103,1276,pärnu,136,46,2025-01-05 00:00:00
1104,1276,ladu,144,40,2025-01-13 00:00:00
1105,1277,tallinn,75,42,2025-01-03 00:00:00
1106,1277,tartu,36,24,2025-02-22 00:00:00
1107,1277,pärnu,98,29,2025-02-08 00:00:00
1108,1277,ladu,323,29,2024-03-29 00:00:00
1109,1278,tallinn,106,25,2025-02-18 00:00:00
1110,1278,tartu,145,26,2025-02-18 00:00:00
1111,1278,pärnu,-16,33,2025-02-01 00:00:00
1112,1278,ladu,7626,17,2025-01-20 00:00:00
1113,1279,tallinn,79,23,2025-01-25 00:00:00
1114,1279,tartu,4250,31,2025-01-20 00:00:00
1115,1279,pärnu,143,14,2025-01-23 00:00:00
1116,1279,ladu,61,27,2025-01-20 00:00:00
1117,1280,tallinn,116,32,2024-06-11 00:00:00
1118,1280,tartu,111,48,2025-01-31 00:00:00
1119,1280,pärnu,81,19,2025-01-24 00:00:00
1120,1280,ladu,363,32,2025-01-02 00:00:00
1121,1281,tallinn,52,24,2024-05-05 00:00:00
1122,1281,tartu,142,49,2025-02-11 00:00:00
1123,1281,pärnu,143,28,2025-01-27 00:00:00
1124,1281,ladu,401,13,2025-01-31 00:00:00
1125,1282,tallinn,136,12,2025-01-09 00:00:00
1126,1282,tartu,29,23,2025-02-15 00:00:00
1127,1282,pärnu,87,24,2025-02-16 00:00:00
1128,1282,ladu,436,25,2024-04-10 00:00:00
1129,1283,tallinn,121,11,2025-02-13 00:00:00
1130,1283,tartu,129,13,2025-02-20 00:00:00
1131,1283,pärnu,66,41,2025-02-02 00:00:00
1132,1283,ladu,292,49,2025-01-04 00:00:00
1133,1284,tallinn,106,49,2025-02-27 00:00:00
1134,1284,tartu,70,45,2025-01-12 00:00:00
1135,1284,pärnu,18,27,2025-01-25 00:00:00
1136,1284,ladu,266,13,2025-02-01 00:00:00
1137,1285,tallinn,59,14,2025-02-27 00:00:00
1138,1285,tartu,95,48,2025-02-10 00:00:00
1139,1285,pärnu,92,47,2025-02-08 00:00:00
1140,1285,ladu,21,13,2025-02-25 00:00:00
1141,1286,tallinn,9,30,2025-01-27 00:00:00
1142,1286,tartu,141,18,2025-01-01 00:00:00
1143,1286,pärnu,9,25,2024-10-08 00:00:00
1144,1286,ladu,417,23,2025-02-26 00:00:00
1145,1287,tallinn,92,43,2025-01-15 00:00:00
1146,1287,tartu,37,27,2025-01-23 00:00:00
1147,1287,pärnu,120,30,2025-02-07 00:00:00
1148,1287,ladu,141,12,2025-01-13 00:00:00
1149,1288,tallinn,120,24,2024-11-03 00:00:00
1150,1288,tartu,68,18,2025-01-27 00:00:00
1151,1288,pärnu,81,45,2025-02-19 00:00:00
1152,1288,ladu,389,18,2024-03-28 00:00:00
1153,1289,tallinn,84,40,2025-02-25 00:00:00
1154,1289,tartu,112,42,2025-02-05 00:00:00
1155,1289,pärnu,104,14,2025-02-11 00:00:00
1156,1289,ladu,306,16,2025-01-16 00:00:00
1157,1290,tallinn,36,25,2025-01-12 00:00:00
1158,1290,tartu,21,35,2024-11-17 00:00:00
1159,1290,pärnu,52,14,2025-01-26 00:00:00
1160,1290,ladu,491,49,2025-02-18 00:00:00
1161,1291,tallinn,108,19,2024-08-11 00:00:00
1162,1291,tartu,15,30,2025-01-19 00:00:00
1163,1291,pärnu,143,19,2025-02-19 00:00:00
1164,1291,ladu,27,19,2025-01-02 00:00:00
1165,1292,tallinn,32,14,2025-02-05 00:00:00
1166,1292,tartu,108,46,2025-01-22 00:00:00
1167,1292,pärnu,16,24,2025-01-15 00:00:00
1168,1292,ladu,61,39,2025-01-10 00:00:00
1169,1293,tallinn,109,10,2025-01-05 00:00:00
1170,1293,tartu,137,46,2025-01-26 00:00:00
1171,1293,pärnu,93,26,2025-02-26 00:00:00
1172,1293,ladu,471,47,2025-01-07 00:00:00
1173,1294,tallinn,114,10,2025-02-21 00:00:00
1174,1294,tartu,4509,21,2025-02-01 00:00:00
1175,1294,pärnu,104,50,2025-02-16 00:00:00
1176,1294,ladu,67,34,2025-01-02 00:00:00
1177,1295,tallinn,103,47,2025-01-05 00:00:00
1178,1295,tartu,19,33,2025-01-18 00:00:00
1179,1295,pärnu,102,32,2025-01-04 00:00:00
1180,1295,ladu,133,29,2025-02-07 00:00:00
1181,1296,tallinn,41,21,2025-01-23 00:00:00
1182,1296,tartu,136,32,2025-01-27 00:00:00
1183,1296,pärnu,5,42,2025-01-26 00:00:00
1184,1296,ladu,433,40,2025-02-07 00:00:00
1185,1297,tallinn,31,22,2025-02-20 00:00:00
1186,1297,tartu,96,13,2025-01-03 00:00:00
1187,1297,pärnu,28,11,2025-01-30 00:00:00
1188,1297,ladu,337,24,2025-02-19 00:00:00
1189,1298,tallinn,67,41,2025-02-01 00:00:00
1190,1298,tartu,77,12,2025-02-04 00:00:00
1191,1298,pärnu,133,31,2025-01-26 00:00:00
1192,1298,ladu,106,25,2025-02-16 00:00:00
1193,1299,tallinn,46,22,2025-02-09 00:00:00
1194,1299,tartu,66,25,2025-02-11 00:00:00
1195,1299,pärnu,72,41,2025-01-22 00:00:00
1196,1299,ladu,491,38,2024-10-09 00:00:00
1197,1300,tallinn,41,25,2025-02-21 00:00:00
1198,1300,tartu,85,47,2025-01-11 00:00:00
1199,1300,pärnu,56,21,2025-02-27 00:00:00
1200,1300,ladu,331,16,2025-01-03 00:00:00
1201,1301,tallinn,139,12,2025-01-15 00:00:00
1202,1301,tartu,9985,39,2025-02-19 00:00:00
1203,1301,pärnu,90,32,2025-01-09 00:00:00
1204,1301,ladu,160,25,2025-01-29 00:00:00
1205,1302,tallinn,144,26,2025-02-12 00:00:00
1206,1302,tartu,52,39,2025-01-14 00:00:00
1207,1302,pärnu,51,16,2025-01-19 00:00:00
1208,1302,ladu,402,48,2025-01-19 00:00:00
1209,1303,tallinn,17,19,2025-02-19 00:00:00
1210,1303,tartu,139,44,2025-01-23 00:00:00
1211,1303,pärnu,94,10,2025-01-15 00:00:00
1212,1303,ladu,330,34,2025-02-02 00:00:00
1213,1304,tallinn,769,49,2024-06-18 00:00:00
1214,1304,tartu,135,45,2025-02-25 00:00:00
1215,1304,pärnu,92,49,2025-02-09 00:00:00
1216,1304,ladu,147,25,2025-02-28 00:00:00
1217,1305,tallinn,99,18,2025-01-06 00:00:00
1218,1305,tartu,20,27,2025-02-20 00:00:00
1219,1305,pärnu,103,35,2025-01-30 00:00:00
1220,1305,ladu,427,31,2025-01-20 00:00:00
1221,1306,tallinn,5,23,2025-02-25 00:00:00
1222,1306,tartu,54,50,2024-04-29 00:00:00
1223,1306,pärnu,87,50,2025-02-19 00:00:00
1224,1306,ladu,130,37,2024-08-26 00:00:00
1225,1307,tallinn,19,14,2025-02-28 00:00:00
1226,1307,tartu,115,11,2025-01-17 00:00:00
1227,1307,pärnu,1,24,2024-06-25 00:00:00
1228,1307,ladu,27,34,2025-01-20 00:00:00
1229,1308,tallinn,127,44,2025-01-07 00:00:00
1230,1308,tartu,20,28,2025-01-27 00:00:00
1231,1308,pärnu,1,50,2024-08-26 00:00:00
1232,1308,ladu,43,23,2025-01-08 00:00:00
1233,1309,tallinn,50,20,2025-01-25 00:00:00
1234,1309,tartu,66,38,2025-02-04 00:00:00
1235,1309,pärnu,72,12,2025-01-02 00:00:00
1236,1309,ladu,166,44,2025-02-19 00:00:00
1237,1310,tallinn,91,35,2025-02-05 00:00:00
1238,1310,tartu,110,21,2025-01-20 00:00:00
1239,1310,pärnu,95,12,2025-02-21 00:00:00
1240,1310,ladu,445,12,2025-02-06 00:00:00
1241,1311,tallinn,120,41,2025-01-04 00:00:00
1242,1311,tartu,106,42,2025-01-27 00:00:00
1243,1311,pärnu,101,22,2025-01-03 00:00:00
1244,1311,ladu,334,42,2025-01-10 00:00:00
1245,1312,tallinn,27,14,2024-08-06 00:00:00
1246,1312,tartu,84,47,2025-01-04 00:00:00
1247,1312,pärnu,30,39,2025-02-03 00:00:00
1248,1312,ladu,340,24,2024-09-19 00:00:00
1249,1313,tallinn,49,12,2025-02-12 00:00:00
1250,1313,tartu,26,12,2025-02-10 00:00:00
1251,1313,pärnu,131,29,2025-01-07 00:00:00
1252,1313,ladu,79,30,2024-06-22 00:00:00
1253,1314,tallinn,98,32,2025-02-15 00:00:00
1254,1314,tartu,51,47,2025-02-05 00:00:00
1255,1314,pärnu,22,39,2025-02-02 00:00:00
1256,1314,ladu,406,13,2025-02-26 00:00:00
1257,1315,tallinn,60,33,2025-01-25 00:00:00
1258,1315,tartu,105,43,2025-01-31 00:00:00
1259,1315,pärnu,124,50,2025-01-11 00:00:00
1260,1315,ladu,162,38,2025-01-01 00:00:00
1261,1316,tallinn,3,49,2024-10-20 00:00:00
1262,1316,tartu,140,27,2024-10-08 00:00:00
1263,1316,pärnu,148,50,2025-02-22 00:00:00
1264,1316,ladu,437,30,2025-02-08 00:00:00
1265,1317,tallinn,8,17,2025-02-07 00:00:00
1266,1317,tartu,67,24,2025-01-03 00:00:00
1267,1317,pärnu,43,40,2025-02-22 00:00:00
1268,1317,ladu,398,17,2025-02-18 00:00:00
1269,1318,tallinn,39,26,2025-01-30 00:00:00
1270,1318,tartu,61,35,2025-01-02 00:00:00
1271,1318,pärnu,108,29,2025-02-17 00:00:00
1272,1318,ladu,312,34,2025-02-15 00:00:00
1273,1319,tallinn,118,45,2025-02-25 00:00:00
1274,1319,tartu,-23,48,2025-01-25 00:00:00
1275,1319,pärnu,35,22,2025-01-27 00:00:00
1276,1319,ladu,142,20,2025-02-28 00:00:00
1277,1320,tallinn,82,15,2025-01-21 00:00:00
1278,1320,tartu,123,47,2025-02-04 00:00:00
1279,1320,pärnu,0,20,2025-01-30 00:00:00
1280,1320,ladu,320,43,2025-02-23 00:00:00
1281,1321,tallinn,29,15,2025-01-21 00:00:00
1282,1321,tartu,146,42,2025-02-02 00:00:00
1283,1321,pärnu,46,19,2025-02-04 00:00:00
1284,1321,ladu,267,44,2025-01-09 00:00:00
1285,1322,tallinn,75,15,2025-02-28 00:00:00
1286,1322,tartu,121,13,2025-02-08 00:00:00
1287,1322,pärnu,19,20,2025-02-24 00:00:00
1288,1322,ladu,136,37,2025-02-24 00:00:00
1289,1323,tallinn,25,50,2025-01-23 00:00:00
1290,1323,tartu,123,30,2024-03-22 00:00:00
1291,1323,pärnu,22,49,2025-01-06 00:00:00
1292,1323,ladu,385,38,2025-02-12 00:00:00
1293,1324,tallinn,10,16,2025-02-14 00:00:00
1294,1324,tartu,95,37,2025-01-03 00:00:00
1295,1324,pärnu,6,30,2024-06-10 00:00:00
1296,1324,ladu,345,49,2024-09-03 00:00:00
1297,1325,tallinn,45,45,2025-01-24 00:00:00
1298,1325,tartu,93,29,2025-02-14 00:00:00
1299,1325,pärnu,101,43,2025-01-31 00:00:00
1300,1325,ladu,300,17,2025-01-23 00:00:00
1301,1326,tallinn,133,18,2024-09-17 00:00:00
1302,1326,tartu,72,13,2025-01-04 00:00:00
1303,1326,pärnu,133,10,2024-11-26 00:00:00
1304,1326,ladu,39,26,2024-03-31 00:00:00
1305,1327,tallinn,39,11,2025-02-21 00:00:00
1306,1327,tartu,46,24,2024-11-24 00:00:00
1307,1327,pärnu,15,47,2024-03-06 00:00:00
1308,1327,ladu,235,11,2025-02-06 00:00:00
1309,1328,tallinn,69,10,2025-01-13 00:00:00
1310,1328,tartu,1,21,2024-05-02 00:00:00
1311,1328,pärnu,142,22,2025-01-20 00:00:00
1312,1328,ladu,343,47,2025-02-04 00:00:00
1313,1329,tallinn,114,10,2025-01-15 00:00:00
1314,1329,tartu,19,32,2024-09-13 00:00:00
1315,1329,pärnu,149,24,2025-01-13 00:00:00
1316,1329,ladu,435,25,2025-02-07 00:00:00
1317,1330,tallinn,86,40,2025-01-01 00:00:00
1318,1330,tartu,76,37,2024-09-11 00:00:00
1319,1330,pärnu,94,43,2025-02-11 00:00:00
1320,1330,ladu,79,42,2025-02-20 00:00:00
1321,1331,tallinn,145,32,2025-01-30 00:00:00
1322,1331,tartu,133,47,2025-01-04 00:00:00
1323,1331,pärnu,140,39,2025-01-20 00:00:00
1324,1331,ladu,15,16,2024-10-05 00:00:00
1325,1332,tallinn,3,37,2025-01-25 00:00:00
1326,1332,tartu,135,10,2025-01-11 00:00:00
1327,1332,pärnu,148,33,2025-01-06 00:00:00
1328,1332,ladu,318,23,2025-01-07 00:00:00
1329,1333,tallinn,77,22,2025-01-06 00:00:00
1330,1333,tartu,14,50,2025-01-13 00:00:00
1331,1333,pärnu,17,46,2025-02-02 00:00:00
1332,1333,ladu,469,10,2025-01-15 00:00:00
1333,1334,tallinn,68,28,2025-02-03 00:00:00
1334,1334,tartu,46,26,2025-02-01 00:00:00
1335,1334,pärnu,70,23,2025-02-23 00:00:00
1336,1334,ladu,251,32,2025-01-20 00:00:00
1337,1335,tallinn,20,37,2025-01-13 00:00:00
1338,1335,tartu,98,47,2025-02-01 00:00:00
1339,1335,pärnu,61,29,2025-02-10 00:00:00
1340,1335,ladu,185,21,2024-06-07 00:00:00
1341,1336,tallinn,73,31,2025-02-26 00:00:00
1342,1336,tartu,114,34,2025-01-13 00:00:00
1343,1336,pärnu,113,35,2025-02-25 00:00:00
1344,1336,ladu,453,13,2025-02-01 00:00:00
1345,1337,tallinn,12,47,2025-02-07 00:00:00
1346,1337,tartu,52,21,2025-01-13 00:00:00
1347,1337,pärnu,87,44,2025-01-20 00:00:00
1348,1337,ladu,135,32,2025-01-19 00:00:00
1349,1338,tallinn,65,49,2025-01-15 00:00:00
1350,1338,tartu,127,46,2024-10-30 00:00:00
1351,1338,pärnu,70,16,2024-10-15 00:00:00
1352,1338,ladu,188,14,2025-01-26 00:00:00
1353,1339,tallinn,139,15,2025-01-13 00:00:00
1354,1339,tartu,77,33,2025-01-01 00:00:00
1355,1339,pärnu,128,33,2025-02-21 00:00:00
1356,1339,ladu,328,46,2025-01-07 00:00:00
1357,1340,tallinn,13,20,2025-02-23 00:00:00
1358,1340,tartu,55,41,2025-01-21 00:00:00
1359,1340,pärnu,128,17,2025-01-11 00:00:00
1360,1340,ladu,132,42,2024-09-07 00:00:00
1361,1341,tallinn,9,50,2025-02-03 00:00:00
1362,1341,tartu,51,11,2025-01-31 00:00:00
1363,1341,pärnu,128,29,2025-02-25 00:00:00
1364,1341,ladu,403,15,2025-02-08 00:00:00
1365,1342,tallinn,101,41,2025-02-07 00:00:00
1366,1342,tartu,41,44,2025-01-31 00:00:00
1367,1342,pärnu,57,15,2025-02-26 00:00:00
1368,1342,ladu,287,28,2025-01-22 00:00:00
1369,1343,tallinn,29,33,2025-02-03 00:00:00
1370,1343,tartu,147,22,2025-02-22 00:00:00
1371,1343,pärnu,104,48,2025-01-30 00:00:00
1372,1343,ladu,129,18,2024-06-09 00:00:00
1373,1344,tallinn,7022,41,2024-05-10 00:00:00
1374,1344,tartu,31,16,2025-02-27 00:00:00
1375,1344,pärnu,98,45,2025-02-10 00:00:00
1376,1344,ladu,356,11,2025-01-28 00:00:00
1377,1345,tallinn,137,27,2025-02-10 00:00:00
1378,1345,tartu,55,44,2025-02-26 00:00:00
1379,1345,pärnu,65,21,2025-02-18 00:00:00
1380,1345,ladu,109,14,2025-01-31 00:00:00
1381,1346,tallinn,38,27,2024-03-02 00:00:00
1382,1346,tartu,135,22,2025-02-02 00:00:00
1383,1346,pärnu,1936,14,2025-02-02 00:00:00
1384,1346,ladu,16,35,2025-02-11 00:00:00
1385,1347,tallinn,61,18,2024-08-08 00:00:00
1386,1347,tartu,36,28,2025-02-01 00:00:00
1387,1347,pärnu,94,32,2024-10-18 00:00:00
1388,1347,ladu,419,37,2025-02-20 00:00:00
1389,1348,tallinn,60,46,2025-02-18 00:00:00
1390,1348,tartu,15,42,2025-02-28 00:00:00
1391,1348,pärnu,75,28,2025-01-25 00:00:00
1392,1348,ladu,490,35,2025-02-25 00:00:00
1393,1349,tallinn,149,20,2025-01-16 00:00:00
1394,1349,tartu,92,18,2025-01-16 00:00:00
1395,1349,pärnu,21,13,2025-01-12 00:00:00
1396,1349,ladu,49,28,2024-07-31 00:00:00
1397,1350,tallinn,132,17,2025-02-06 00:00:00
1398,1350,tartu,50,20,2025-02-19 00:00:00
1399,1350,pärnu,60,48,2025-01-09 00:00:00
1400,1350,ladu,4,38,2025-01-01 00:00:00